edge_id,query_lon,query_lat,status,http_code,error_msg,used_radius_m,image_id,thumb_url,captured_at,img_lon,img_lat,nearest_dist_m,local_path,dl_status,texture_var,dark_ratio,wet_ratio,risk_score,risk_norm
8470,-0.15679180175748816,5.5574350775783525,ok,200,,300,311769408442150,https://scontent-mad1-1.xx.fbcdn.net/m1/v/t6/An-a77gqkxNSVDoHMs6JVypToR4P24Rnr8D-eo2GoKILfp8q95En6B2Y9ZF-tYiFOhxjnEbIQ5BBVSOJO_NpAGxfKOVwzzQ5UF5Ilz6NlJ22RullDyqjA74b9zL7mD3DOwlWtwgiIf4zlzszEFsQNw?stp=s1024x768&edm=AOnQwmMEAAAA&_nc_gid=GKolW5Og7CE15HnPT6JjmQ&_nc_oc=AdrDYp1L0jB9VoKx5Tik04YSVUNckktt0yIh7kKVj9UuVZaIFJE2Tn9PJHmiI5tNJmU&ccb=10-5&oh=00_AfzvwJsV9A2gEHnZ0eebUNDzld4IevFwGHygnoIW6eqKvQ&oe=69EE1559&_nc_sid=201bca,1701761221488.0,-0.15714730000241,5.5597222222222,257.3441694274246,/Users/miranda/Documents/GitHub/Sentinel-FYP/outputs/mapillary_screen/images/311769408442150.jpg,downloaded,0.0012889100471511483,0.12005869547526042,0.1632843017578125,0.0693189240177162,0.2466419403404147
11461,-0.18507787508596743,5.574483555867311,ok,200,,300,191553886162615,https://scontent-mad1-1.xx.fbcdn.net/m1/v/t6/An9bVpQUb_qXkmr-hg-4HKmY3r5G6hanRrvTWOzwnut4MplWs0vFXi526cvIh7YWhaa8kRgoYRxyAOxnmSmaBUGotLvDKY9Tt5B0c_E5dzIoZHZdfA1ODWahQ3tafmBVOl4UplLzMOPVWuU2XUkV8jY?stp=s1024x768&edm=AOnQwmMEAAAA&_nc_gid=l1lQEXq7EKnl-UM5SDLswA&_nc_oc=AdoiTtD6CHTTwHklm3PcTaGpYewrO1QsdlQ0lQCjF128kLYF9m8DYGBBOOOYZ9xCa8M&ccb=10-5&oh=00_AfwSY5rpMvcu554JJ3Smpo_n74-FUHNqP4LHuIxmJwnhAw&oe=69EE07FA&_nc_sid=201bca,1538674211000.0,-0.18610632972222,5.5735921952778,150.92488139740067,/Users/miranda/Documents/GitHub/Sentinel-FYP/outputs/mapillary_screen/images/191553886162615.jpg,downloaded,0.0026351672131568193,0.47928492228190106,0.3574930826822917,0.21660167682760706,0.9058675912195664
11629,-0.20461633040660315,5.576193724434702,ok,200,,300,1557597291510931,https://scontent-mad1-1.xx.fbcdn.net/m1/v/t6/An9548cm_Kp1g5DlGxWn_Z1RPLTyQD-y1eGe0esShuHBkgi2ODUFb3fd8_MXXQA4M_-8aBnYrtzKVXrB5QMdqYEk4nNCD0E_9IEzOjq-F5Ork9qcPk2Fy0UrmDw9HKEBbFQo8u30RhBsIOvHvUKnog?stp=s1024x768&edm=AOnQwmMEAAAA&_nc_gid=5umEXMMTltwZfmbKTuvKFw&_nc_oc=AdrulIUO0gVYij1Fk29RpkA4v4dDSqccZF83Iq6r6TnP_MJ_GM5iueLY5ZNJXG83ikg&ccb=10-5&oh=00_AfxDpwvUaJY2BUFRguDgRGGF79RfplgL247Z7mbpbC5vFw&oe=69EE07B0&_nc_sid=201bca,1725819699856.0,-0.20637457977683,5.5737261648964,336.3736544296113,/Users/miranda/Documents/GitHub/Sentinel-FYP/outputs/mapillary_screen/images/1557597291510931.jpg,downloaded,0.0007441100315190852,0.19849268595377603,0.29333750406901044,0.11858736161569444,0.46716346932927894
7332,-0.2130239301922874,5.546598907678128,ok,200,,300,477933690108961,https://scontent-mad1-1.xx.fbcdn.net/m1/v/t6/An8jvTBMIHA7YzAMdPGioYgAi0Q6fro3JBgheomgiC67tFYt6wPw0bNn6gS_HQcXnSwXGTm4KTnYSEgG7eMJLatj9MAj6zJcATED6Xq9pGVjdY7dWMgtrm4b0LO_SjLGvSnSoqB78aqJ8acOTC6xNw?stp=s1024x768&edm=AOnQwmMEAAAA&_nc_gid=NdEbqgA-r2QCdiLCS9mXvA&_nc_oc=AdpHhFEpKH2heaiXysBut8JRjNAEB2cPm_sold2_0FLhAoiDmNifwCnAtHBCTTzTQZY&ccb=10-5&oh=00_Afyc9CoWVTTHZ8xtU6PhsogwhRptva3wD3ujY-8NUqTNLQ&oe=69EE1809&_nc_sid=201bca,1566139902500.0,-0.21087837388889,5.5465522594444,237.51460374868444,/Users/miranda/Documents/GitHub/Sentinel-FYP/outputs/mapillary_screen/images/477933690108961.jpg,downloaded,0.0026059772353619337,0.1355107625325521,0.1039415995279948,0.06274453728304555,0.2172155187695961
8128,-0.17778263989249052,5.554145042227133,ok,200,,300,2756489574727078,https://scontent-mad1-1.xx.fbcdn.net/m1/v/t6/An_j3vaiqsLwWqBA_5P1huGxvoZ8Gc3uPo82TsjBGE2yOAR3hroeOgWCWjqr4rcbX1RWo5tK2vIRwflza8R4XchLf0QY4HDL67XuK94NVzD_R6B5Mnol8Uq_S2vGz3yXc1UOGOT7nC3fa83oD9zc83s?stp=s1024x768&edm=AOnQwmMEAAAA&_nc_gid=0dLpFSlvKvBQM38KFVBINQ&_nc_oc=AdraTNSOp4b3XSQWBSUIfH8ZdWn5w8ve7pIdTVnCvsXqfCrBzEEVPaTqJHXyaEXp5ME&ccb=10-5&oh=00_Afxoj0JBVBzyHI-CKymnJGkDAlboetgpVbl-SCdhCxww0g&oe=69EDF001&_nc_sid=201bca,1767624262038.0,-0.17580300954186,5.5532309806838,241.51936922951998,/Users/miranda/Documents/GitHub/Sentinel-FYP/outputs/mapillary_screen/images/2756489574727078.jpg,downloaded,0.0011932096676900983,0.052143096923828125,0.13750457763671875,0.04374044943833724,0.13215476359099598
5173,-0.23977644689145003,5.5580175581399445,ok,200,,300,108892354615038,https://scontent-mad1-1.xx.fbcdn.net/m1/v/t6/An8vom1kjS12ElUjytm237OWIRnRpv7cdbpQ1jjmbRurXXpZ0MKZSQByg4-cA35YC85_Npy7fKNdsQDEDrdGZQlJOWoK4_su_-H66xgOBsF0vs-EuWBSA7Szt3PW2J9mWqzhoQSWXlOCP8llfA6HCA?stp=s1024x576&edm=AOnQwmMEAAAA&_nc_gid=0MZWZT2De7MBXR4jaS0y3A&_nc_oc=AdoH34qMiD8zgkIx0nYsUEJcwaBx6emXK4WuFjLN4abWLAoLvPlhnDJLGjvOwglYLM8&ccb=10-5&oh=00_AfxYXCUF7_c4KZUO2bIrsfOYIG_GcEkf37XkuWpAKnCAsg&oe=69EDF42C&_nc_sid=201bca,1583667034461.0,-0.2400607,5.5567672,142.54814567000298,/Users/miranda/Documents/GitHub/Sentinel-FYP/outputs/mapillary_screen/images/108892354615038.jpg,downloaded,0.000912145187612623,0.03889126247829861,0.1727667914496528,0.04667680962722645,0.14529767353670228
10807,-0.16215275084239975,5.571007245291498,ok,200,,300,124390427062897,https://scontent-mad1-1.xx.fbcdn.net/m1/v/t6/An-qIdn38wmnL-FbTR59q0PqLDBkgOhPC634_nk2l1qDBpLI5gsuncUw9LxpYVoZso7M18WyOdff6G9M8J1kk6tZtAsmXIkgWpLCKEpOd7OrWpcmEXVVNSOhQt3AXu1d70iFHEcrhyUT0s3iCzoAPA?stp=s1024x768&edm=AOnQwmMEAAAA&_nc_gid=hu9q9nxEP5gqQTig__E1KQ&_nc_oc=AdrU0RvGdNtimxSF8RMiiHl0X40vH-DJh789nUmJGW1gtwgjWiEdmv_NUaB4gsOZqFE&ccb=10-5&oh=00_AfzshawF_kyCd8tAoHiGSPhXF59jyJM23Ww2I4XdyXadMA&oe=69EDF11B&_nc_sid=201bca,1659925460624.0,-0.16124899735647,5.571993334174,148.41264500757205,/Users/miranda/Documents/GitHub/Sentinel-FYP/outputs/mapillary_screen/images/124390427062897.jpg,downloaded,0.0018945561023429036,0.012029012044270834,0.3401145935058594,0.07257890036562457,0.26123332995529036
10012,-0.1659732102704529,5.564531739912146,ok,200,,300,632273134837790,https://scontent-mad1-1.xx.fbcdn.net/m1/v/t6/An9vbVbJR7cxzAUjc3nVtBj88MVCyBMph8PXjpRg9VkMz0AxrQqSDF34KsadziiPFNvnoK-Zn9tMm2I-EW_zwkziJGBVfYOXdE8ab4wXdPqyBbfvtPO-VhEFQJz2upeAyD2--nj0lRTpXxf37aB46w?stp=s1024x768&edm=AOnQwmMEAAAA&_nc_gid=F09j9JUwz0WJj9qk5gjZpw&_nc_oc=AdpKXuKgbK77fxQNnhWE0x4qr42000H2TV2v-qO15duiAPqwWRwQTsv8NamTf9kp8XQ&ccb=10-5&oh=00_AfwzprbT0Pv425J5WxU0KD_vT820K_LvOGsu5kLNhHyD9w&oe=69EDFA43&_nc_sid=201bca,1538146040000.0,-0.16776077444444,5.5618428625,358.5138451070141,/Users/miranda/Documents/GitHub/Sentinel-FYP/outputs/mapillary_screen/images/632273134837790.jpg,downloaded,0.0023759163450449705,0.03737640380859375,0.019194285074869793,0.01623973633007457,0.009063803159016575
6911,-0.21144212604058196,5.534770410280805,ok,200,,300,1115826975563838,https://scontent-mad1-1.xx.fbcdn.net/m1/v/t6/An9jp-ues_KpcX8UwSfcWJ1ap9Z-FLPsf1VxVtEOvqawj7zjLBobLQngXZaLhNqa808FBFhoNSUTsQjFyZGC8jvEjdcbNcBznW6Wk5AY2Ht5nahwCYOOlbk3T9fjguvy8k8I4v-h2Ijsp5J11u1Fa78?stp=s1024x768&edm=AOnQwmMEAAAA&_nc_gid=d3C7HXBtigp1_jof47XIcg&_nc_oc=Adpu7yB2a0fMJJdKN31vBsmWuScblrVqwRbyTDedk2H9DL0X_KC7V_2_THrIGcMoZ-c&ccb=10-5&oh=00_AfyMu0ngA41HP2s2ZWztcgidfuPR9g8phLQNBItelrGHVw&oe=69EE155B&_nc_sid=201bca,1522168512261.0,-0.21174380555772,5.5357184400834,110.57742912687394,/Users/miranda/Documents/GitHub/Sentinel-FYP/outputs/mapillary_screen/images/1115826975563838.jpg,downloaded,0.001004051067866385,0.010663350423177084,0.22708892822265625,0.04911881630541757,0.15622789728095637
8615,-0.16397446284350195,5.559985192601846,ok,200,,300,520037565846611,https://scontent-mad1-1.xx.fbcdn.net/m1/v/t6/An-GWBdRmXxxY-WnfKSctiOHM5vU2S-5gi1GnwAh88AwxZJmLsKWpwULVuHROOjhhM6ob7C-aynwYgqvILJxWuW6beU6MJ7y5SNNlzsvvjqpbWy41u7XUnmta4mOEYgZazuuznfP4sNCsO9yqDSqIA?stp=s1024x768&edm=AOnQwmMEAAAA&_nc_gid=kOE3xX_fr-eqozt2SSnDDw&_nc_oc=Adrm0_ZnkSDqRTwMvy-futOy4CLiKynAmSU7VpNP4BwcGKjQo8-bJ6ayaPwhlDTWzQk&ccb=10-6&oh=00_AfxjCqthiRcylzoQvgYmFTGEeRtmKoBngx8jfRIQZ-CN6g&oe=69EE2347&_nc_sid=201bca,1538135547000.0,-0.16245586777778,5.5582383925,256.85306293174466,/Users/miranda/Documents/GitHub/Sentinel-FYP/outputs/mapillary_screen/images/520037565846611.jpg,downloaded,0.0014973579673096538,0.05982208251953125,0.0013478597005208333,0.018964875679618368,0.021261305766523204
5337,-0.23405879201754778,5.560926321098836,ok,200,,300,144733057667835,https://scontent-mad1-1.xx.fbcdn.net/m1/v/t6/An_D4WgrQNigQ6XH8T3BJLFJzluccQQ2Szd6NqdP2saqa2CVXV5YK7fXws1AHVNDzmmJiaOOisqyrNydGX3vvuCsec6TTseOCzGmZfgpUf1l5Zt7Lx8kd42aytUAmHjGPA3Z2ntjIwXEek_bDkn0uw?stp=s1024x768&edm=AOnQwmMEAAAA&_nc_gid=rvOQnDkkCSKsuIA99coTjg&_nc_oc=Adrvc3o_iP4ZrFwKBIRWhEzQI7oiDErnhmNh9prVy5WyyvbEgjGtYdtg1jLLhr69gdc&ccb=10-5&oh=00_AfxXGoSpiBMU1m4kJEzd6ypRruDgrDGFopu3Ovs9JS434w&oe=69EE074C&_nc_sid=201bca,1539172904000.0,-0.23259806444444,5.5629056877778,273.08654074200035,/Users/miranda/Documents/GitHub/Sentinel-FYP/outputs/mapillary_screen/images/144733057667835.jpg,downloaded,0.0017706196522340178,0.14065424601236978,0.19793192545572916,0.08266796872097378,0.30639118127481485
5713,-0.24059579314367818,5.565197761174206,ok,200,,300,175669651083642,https://scontent-mad1-1.xx.fbcdn.net/m1/v/t6/An9-JV-G98F5Y7JTsbGkbm_5MXG2THSgmklctLVkLnOy2wRVYW6aGtHotpyujgj7JSExBgxIurvWB9A3h7STAgdPg3IRAuoPGPUadLlFt060GmDW66_Em2PZljiCRpTH5IK-2pwi_w8fFiph6og9Vw?stp=s1024x768&edm=AOnQwmMEAAAA&_nc_gid=EjZsyjSkeKx7XFcj3696lg&_nc_oc=AdrPlSDoJkS8VsTy_eZ4ue3UyBc-Hix4D5peW_RAr2-KiRsTrMHA4rhPAVTKFCqG5Qs&ccb=10-5&oh=00_AfxnuO6zgrAMfgWpD_D9qtaS-obMMfQATZcK1fuyxhAx_g&oe=69EDFF70&_nc_sid=201bca,1539172588000.0,-0.23845232083333,5.5668119061111,297.46907855253363,/Users/miranda/Documents/GitHub/Sentinel-FYP/outputs/mapillary_screen/images/175669651083642.jpg,downloaded,0.002004823414608836,0.07166035970052083,0.22572453816731772,0.0676454272509242,0.23915150460177392
1567,-0.23996070378304865,5.538658774516319,ok,200,,300,277592877483297,https://scontent-mad1-1.xx.fbcdn.net/m1/v/t6/An8kDoT980sv9Vsrk9iHjQpSWNS6PxfJ6fjNad3KIqc4TQgWXifY4kMRL7Z70eI2ktDq1UY73hripHyfKiJRWP8XCcPPOGknktJPbOEpu4kG-692qAYk7Pj0_GWKtGf1XqbhMoyt0d8o_tS8Ut3gng?stp=s1024x576&edm=AOnQwmMEAAAA&_nc_gid=7TT34eTj5yztcx9VbY8pRQ&_nc_oc=Adqk1R452QxaVgREr0P7M168UP01IT2pz5Xs9bRFrKdZl-6P8A6ljz1MDP3HNtH7P-k&ccb=10-5&oh=00_Afz5q-o8VjH2tQgP_S77j6LZod2YOIR86L9a_GNFnch0aA&oe=69EE1DC3&_nc_sid=201bca,1583666770612.0,-0.2386926939759,5.5385881210843,140.55772800652412,/Users/miranda/Documents/GitHub/Sentinel-FYP/outputs/mapillary_screen/images/277592877483297.jpg,downloaded,0.0013323082821443677,0.022906833224826388,0.2371097140842014,0.05496014692536039,0.18237321916329916
3378,-0.22301223361685976,5.547980456767182,ok,200,,300,491199598977796,https://scontent-mad1-1.xx.fbcdn.net/m1/v/t6/An-IPzTt8gcA587hQquDb1dHd4D4bdHGTxalDn9f-J-xJrCmTYG-ptIIP1CpBaSkHZp3wa1QVBPEZKqPOzVR7iiR78fieWmJ8y7YEIyoQyAzMnXSfYFAOeKEqPcX4-tjTSc3aF8DGDbGfju89qVR_Q?stp=s1024x768&edm=AOnQwmMEAAAA&_nc_gid=XOV7ZBGiJiMu0cEIF2NQfw&_nc_oc=AdqbCX15PY9zym4e0fV8jFJgMllHuum64xZSo6OF-lZW6Ym5K4kHuil8wywFHfLXSwI&ccb=10-5&oh=00_AfxKcml3tPRVNMYEV1T1-yQ9YgbJAO7M7ymvsTs90oy8VQ&oe=69EDF45C&_nc_sid=201bca,1546263773997.0,-0.22043509999738,5.5501546999979,373.9002554651773,/Users/miranda/Documents/GitHub/Sentinel-FYP/outputs/mapillary_screen/images/491199598977796.jpg,downloaded,0.002031912561506033,0.09868876139322917,0.2831230163574219,0.08724718797020614,0.32688739507107695
13024,-0.20740307787263673,5.580678124149528,ok,200,,300,1284109352609293,https://scontent-mad1-1.xx.fbcdn.net/m1/v/t6/An9EvaNfB_-Qc9qecfjVxxngwFobTY9ff3oJwCqkBQPRDlzGzw7hbUWK31lHrgbB9VqZzWrlFPD_bgn3axB6XFUnYSjC6VMPMfI3HHPxTV3ByMb_l3aj_m1UX-0NrZYTYywCV7Gg5HzVjQbMcPaYeA?stp=s1024x768&edm=AOnQwmMEAAAA&_nc_gid=pHV8b4qLse67sQniGQwzqg&_nc_oc=Adp2qpxNs6YFn7LS66XEazfk75_sRnmfn8MHLSQTLy8wa9mmrbNnWBUdOjbHG_54EIs&ccb=10-5&oh=00_AfxMdmk-iuvaQ5nHFnlMRIX7bBLZvH_txo2fOerQizxKoA&oe=69EE19AE&_nc_sid=201bca,1731856156780.0,-0.2095969,5.5784896,343.7523481149061,/Users/miranda/Documents/GitHub/Sentinel-FYP/outputs/mapillary_screen/images/1284109352609293.jpg,downloaded,0.004763135686516762,0.3214886983235677,0.0375823974609375,0.10634465683251619,0.4123661161074155
8052,-0.16551430676146045,5.554217243850842,ok,200,,300,1023307781410097,https://scontent-mad1-1.xx.fbcdn.net/m1/v/t6/An8KCMmAkrZ-Mo7Bg-1hJD7Uo2Q7jIlQQLlCn-ijPzn_OdS_NwFs61VGK72M8o9Ix3dDxYNtbrw1aSSmizMC336c1hcaBt9STaLBApRlvlX-CecGVxnuLfBJYepWxnjCcMig-GfWYmQoVjwC-2x-EQ?stp=s1024x768&edm=AOnQwmMEAAAA&_nc_gid=Huk9HlCJrxJjtXnV1iM_1w&_nc_oc=AdoDYY8WJrPdKUi_acu5mA42hjmNnmDvkFYUg0XYhzz17ozXYo45-3zy_dZGCu7C8A4&ccb=10-5&oh=00_AfxQM8Pzw5yI7xvF05npqY5pe-Y-2fYLxsbUg28-DShXow&oe=69EE0A6F&_nc_sid=201bca,1500218481521.0,-0.16619160791356,5.5555713264829,168.19416078098646,/Users/miranda/Documents/GitHub/Sentinel-FYP/outputs/mapillary_screen/images/1023307781410097.jpg,downloaded,0.000340298778610304,0.048578898111979164,0.013894399007161459,0.017522698624331194,0.014806238287021158
12652,-0.18058289062089866,5.582924315060363,ok,200,,300,1267629688352653,https://scontent-mad1-1.xx.fbcdn.net/m1/v/t6/An-uqFPVXFw6N6R2GQOtwEpUA62BS7qbutlEWufM1MKiGEFJKW853T17Q9tTcOXTutCM-xCj_sIt8PZ8fgUmOOYLaCtD9Fd6yi1EwVWepnfZh9EPpgger15wdRQKYLnDxBTWqL84KQBSiWp8VSeEZxE?stp=s1024x768&edm=AOnQwmMEAAAA&_nc_gid=UTStDx4KAqutcVLr2LoIhQ&_nc_oc=Adp-yBEx_ZU6G7k-Vf2Yrlrtz_cQ8idl5vK712mHL1RzOwEdv5WfFOmLvBtUh0RtKsM&ccb=10-5&oh=00_Afwamq49QGEsAHumY5v6jzrQDa7GQfrbQ8cQTvhESQ4Fbg&oe=69EE1EE1&_nc_sid=201bca,1750682442471.0,-0.1808934,5.5831775,44.42318803818755,/Users/miranda/Documents/GitHub/Sentinel-FYP/outputs/mapillary_screen/images/1267629688352653.jpg,downloaded,0.0011258490849286318,0.018969217936197918,0.3461163838704427,0.07547696669741223,0.2742048397038193
6843,-0.21846842013027148,5.57987617603919,ok,200,,300,3489222438048036,https://scontent-mad1-1.xx.fbcdn.net/m1/v/t6/An87sKRzKRmNB90Hod9O6yT04Q5Zbo9Hnb8pEmZsnhp14xmhV-0d0QpVBEZUNJp57Jx2evhk_9VYWQRQjP-B9UQh_S23pJovYIKTmVkY4WLpBZ5PfvEykFDBcCbNmTltoLdritccvbzyD6xPSo5if2U?stp=s1024x768&edm=AOnQwmMEAAAA&_nc_gid=Ls8SEweCUVhUee_YAL-rGQ&_nc_oc=AdqbC1UTXQK4-fvV3wP0ShaYsjHhwgA_YFdB7AroqsWpirzRg0vvgOtZMiEALlsQpU0&ccb=10-5&oh=00_Afwm1dZhJHnEPzexACtglCjFsKnvkuYb9exEqDzgW4Xaaw&oe=69EDF303&_nc_sid=201bca,1730445215350.0,-0.2157808,5.5779477,366.6745040315727,/Users/miranda/Documents/GitHub/Sentinel-FYP/outputs/mapillary_screen/images/3489222438048036.jpg,downloaded,0.0018683327361941338,0.08493550618489583,0.49901580810546875,0.12621797984465957,0.5013174973646787
8625,-0.16242958206214989,5.559902923622605,ok,200,,300,170412321679796,https://scontent-mad1-1.xx.fbcdn.net/m1/v/t6/An_pGBMJz1pqn-nDHPe5reiNQTsTf5VvFI2hZncjn_hgemueQlr5MsbXVk5UZqwywMs6netd4zQ45OFLpF7LW1_tJJUxhy31oWHHE2kTK61y8FpftZ2bzgsMovfVgfWEsacymwmBYEVm9gasVfOJVA?stp=s1024x768&edm=AOnQwmMEAAAA&_nc_gid=kpQl7AThCFWYSPbuexlYgw&_nc_oc=Adr5uXyqdPb7evRmOlWblKlhNuKZD0dD44Ed8aYPCjwoofgHcul2pCWLZPRMoYAn5hU&ccb=10-5&oh=00_Afzoz7wkRuM2kVtDfYyEfDWjn2dd4DPMmdUa_3TQtQ5vYg&oe=69EE1EB6&_nc_sid=201bca,1538146168000.0,-0.1604519225,5.5612473280556,265.05096971426946,/Users/miranda/Documents/GitHub/Sentinel-FYP/outputs/mapillary_screen/images/170412321679796.jpg,downloaded,0.0018547283252701163,0.03667449951171875,0.026958465576171875,0.01732140713138506,0.013905273897625657
3956,-0.22003875145954857,5.555915451246582,ok,200,,300,130358395779746,https://scontent-mad1-1.xx.fbcdn.net/m1/v/t6/An9nC68YteB7B7yCtCRbTlLeg3HRqjx8553t_my_fUHtVcp9tlsBzoPZxNGA9bT0v2z-4DvdOHGhHoRjaUVhyZ11JmaDqEpZBlf36824bm1ICEcBHQJsVuMvxiU-tZdOSIB_FawL8ocW-FmUSwxY1A?stp=s1024x768&edm=AOnQwmMEAAAA&_nc_gid=MYr6pgsF_2XY0Aa3tYxlAg&_nc_oc=AdrZDk6CeXihGajs2wwu7Kd1e5MPCH59fRFlnFW3rKiAaRFc_cIZdJhh-INxbFc-GsU&ccb=10-5&oh=00_AfyMGvZiutku20jxT1JOl_7cLm0FxURiY18S6hTiDlGrLw&oe=69EDF1A3&_nc_sid=201bca,1539175042000.0,-0.22045436305556,5.556036215,47.916850502860555,/Users/miranda/Documents/GitHub/Sentinel-FYP/outputs/mapillary_screen/images/130358395779746.jpg,downloaded,0.001704796333797276,0.08937454223632812,0.18857955932617188,0.06538067270303145,0.22901464701028643
12846,-0.17206449484642827,5.586931063072337,ok,200,,300,784383462466934,https://scontent-mad1-1.xx.fbcdn.net/m1/v/t6/An9oiTnaoSiA6rkf8QPxCF1AUXvW5Eal9Xg9bl-0vhDB7_7nGs3SynhhASTdjrkABTxFERz_TE78Cq7Q8gh2gp3_keScY3XmCC77T9LdaJ1F2h_MzgJlyVDo1ZmXj-OXU6-Yv7oo23QOgjHNGvNlXvg?stp=s1024x768&edm=AOnQwmMEAAAA&_nc_gid=jt7PEnwqtpaWo7Q7ql4L9w&_nc_oc=AdrKxmsnsFrV1S3dbQSc48znCJQgrNVEz1tS4LYv3JEQT9H18qTMAB47D6yJW8qyZP4&ccb=10-5&oh=00_Afzh87cybTuwLcaVnXKGyoQRao3Y6uZSl9RhpUhDGkoJkA&oe=69EE1FA2&_nc_sid=201bca,1538673489000.0,-0.17178744055556,5.5869753286111,31.053256620080592,/Users/miranda/Documents/GitHub/Sentinel-FYP/outputs/mapillary_screen/images/784383462466934.jpg,downloaded,0.001073910272680223,0.3827056884765625,0.15686543782552084,0.14672174924441303,0.593090705497714
8961,-0.20070454780140204,5.558219548438409,ok,200,,300,1401179430261749,https://scontent-mad1-1.xx.fbcdn.net/m1/v/t6/An_kZ0-IfdpnUwiBCvN1Ia3CQ-aTgArehTl5dEvn52bMPaeAXtX7wN8CD8tco0o17ME6ohK74sE8JclhnPo1GHV-Hvn80M1F5XNeZqw9XeybN9x-YoCxHtceyy-WKRL56Yh801CnI77ILUw7uAH2Res?stp=s1024x576&edm=AOnQwmMEAAAA&_nc_gid=GAZV2qQ7EqLzxojUILNScg&_nc_oc=AdqJwHTcQF3iTeLN3gEe0eg_yN7gfvpddwKRTssupMOVu0DKJwATeK0njfqDITNv8P4&ccb=10-5&oh=00_Afz9WdYR1a1yPmbry8GIVE_udc5YWckGgVizmnaLgMnCbg&oe=69EE21D5&_nc_sid=201bca,1555762800638.0,-0.19974827357238,5.5563667264276,231.61755942273308,/Users/miranda/Documents/GitHub/Sentinel-FYP/outputs/mapillary_screen/images/1401179430261749.jpg,downloaded,0.0035365878138691187,0.27056884765625,0.09095594618055555,0.10113013743992066,0.38902635041846995
10318,-0.1675527512588339,5.566957037338957,ok,200,,300,1826398194466951,https://scontent-mad1-1.xx.fbcdn.net/m1/v/t6/An_mkPxXKDlZ2O1XRRksSXFSWuDCZbJuXklIWKAVnzaINyr8qF7UUC7TEyCq1fyYvzDKs_qkexsdfVOgzEkGy2lIqAG14QRlRxEMCC-BW1iQk2LkZqsaGXAbd0h0aq9AogrFcedOPo6J7EBn25yzwQ?stp=s1024x768&edm=AOnQwmMEAAAA&_nc_gid=Dg5b76CMCkWNVSNcp8yeBA&_nc_oc=Ado4Q8HW1pJwr8bTM-kcVClSAxT4RslphzfzXhs7ZSb8g6_disUKHoaT3incl1nNTfA&ccb=10-5&oh=00_Afzu2m7gpOTfIpMBwVQA3eDB6b2QhBeSHVlWIWkDM3JyBQ&oe=69EE0AF7&_nc_sid=201bca,1695898351903.0,-0.16921089999749,5.5677805280528,205.08504738744998,/Users/miranda/Documents/GitHub/Sentinel-FYP/outputs/mapillary_screen/images/1826398194466951.jpg,downloaded,0.002212431514635682,0.1920166015625,0.1377410888671875,0.08625941399950535,0.3224661989273762
9599,-0.21198537500552564,5.563587689065132,ok,200,,300,2859186364354669,https://scontent-mad1-1.xx.fbcdn.net/m1/v/t6/An87xZ1wNrco32bFxUBUOgcVWfP_SDXV_miZNRqWQo6NPphJ6CRzZ6Q7aizw4WsuErgkeXLcitN4oqnePYz2uGbNjfzCrrYMQILXsz8Nmi2IpS1gPupt0MwObu-1m2rDgTfdPMDalQ_hbfkbP48SB1s?stp=s1024x768&edm=AOnQwmMEAAAA&_nc_gid=1LUcjJkYCbxplRtTsaiLJw&_nc_oc=Adpm0QJVO7ODpv8z9I3KFawZDXA6pOvrR4rblkv5kFFfmRwr5BNv2wCJi6Kh8Yk5rwg&ccb=10-5&oh=00_AfwvsHYEKZz-erYCN5NeIPPzaus6fBdsyNZ4YeUOtuIZbA&oe=69EE1CB5&_nc_sid=201bca,1520789062289.0,-0.21358036436163,5.5619391705893,254.48093688094124,/Users/miranda/Documents/GitHub/Sentinel-FYP/outputs/mapillary_screen/images/2859186364354669.jpg,downloaded,0.0016813852125778794,0.0694580078125,0.4449666341145833,0.11067142177295561,0.4317323649019636
7492,-0.19201819447064558,5.550112300171277,ok,200,,300,1198602987230590,https://scontent-mad1-1.xx.fbcdn.net/m1/v/t6/An9LdKbh4tjHrlIqx68ARvb9-VGX0jE2UIzbCcqnXeiISTSz7x_qwfiyOucXa_aB1RTsXo8zSpjMHHY3jqNfjaK1sat5I6jXuSKJOlE3rzEe3zfYAO8DT0ZC9ec3v_dEvaxBdYCR_WamXW2IGK4eiw?stp=s1024x576&edm=AOnQwmMEAAAA&_nc_gid=S0kjg7CZKb6o51bYOTP5vA&_nc_oc=AdoSqdMvEAs-wB7NmgBg7GbIxxfltGvfefvQUA4oQSTurq9zKj-YOImUvzo_1uApRVQ&ccb=10-5&oh=00_AfwqX34kIAdU-tyo5yHsnan4Wyq0Z70x4oOW_5vF8JWHug&oe=69EDFE76&_nc_sid=201bca,1500387083679.0,-0.19341241379311,5.5491797126436,185.91137401153014,/Users/miranda/Documents/GitHub/Sentinel-FYP/outputs/mapillary_screen/images/1198602987230590.jpg,downloaded,0.0023650515358895063,0.1273379855685764,0.2928873697916667,0.097961395396851,0.37484331814919225
11997,-0.1614526249693327,5.573356183929565,ok,200,,300,1275160899984219,https://scontent-mad1-1.xx.fbcdn.net/m1/v/t6/An8YTVsOS7JfaIxSPemHx5RhtXLjY-tahlw1pVllLb7tzgcgYjouyyzsUVHOCH920hZCbpZn4EXFmZ60vYMF_DGvJuS9syfEPEBaiMKBJ-fdzclL24DcO7QSL2A_Mc3otho917QXleKsWUZlyMboMA?stp=s1024x768&edm=AOnQwmMEAAAA&_nc_gid=1HWcf_c_TI2TQUUk6K2kdw&_nc_oc=AdoJtw4MzWYI1ac1PRz73cRK2oJUS89MmhJ01h4mTufqzx01YiYIMCFuUo1pBk85X2M&ccb=10-5&oh=00_AfxMWSUQFexYVc85bh0hVthKo6XLze-n1yz2Xy6aaEjPFw&oe=69EDFECD&_nc_sid=201bca,1659925453692.0,-0.160877,5.572635,102.41562392815258,/Users/miranda/Documents/GitHub/Sentinel-FYP/outputs/mapillary_screen/images/1275160899984219.jpg,downloaded,0.0007532287272624671,0.0874315897623698,0.13094711303710938,0.05279551389976405,0.17268449738163089
11503,-0.19930426111797644,5.571854907836671,ok,200,,300,284900551216705,https://scontent-mad1-1.xx.fbcdn.net/m1/v/t6/An9O0eSUfsEeFO-SsTV9UggqBZvRljFJ76Tb_INtlb1DKMmaM9AER70U6HhQFXgIPtLX8npq8tFbtJ449WIl-gdeVucRagxbUkz7Zh6OWsUXz3oS0ijLKc0wHlbyUC2uzpeR23jQzdaRHZ-JiFlQqQ?stp=s1024x768&edm=AOnQwmMEAAAA&_nc_gid=RNBl3LPQQu1UxEtJszSuNA&_nc_oc=AdpW8jx33ipJtV7KWwFPzO1dws8n5uUi-JELB65wNHtiC6HHjvWD9MHWl5vFQBBP3Ho&ccb=10-5&oh=00_Afxwsx00bAv7o6rqQD9Nu2QYBI37zFUBIvwkdkYxRnBiCA&oe=69EE1CD2&_nc_sid=201bca,1701964642574.0,-0.2001436,5.5698078,245.85148712008495,/Users/miranda/Documents/GitHub/Sentinel-FYP/outputs/mapillary_screen/images/284900551216705.jpg,downloaded,0.002353389048948884,0.05339813232421875,0.22770182291666666,0.0627364988050734,0.21717953919444444
11287,-0.21026452801471396,5.570765962849263,ok,200,,300,8612645808771391,https://scontent-mad1-1.xx.fbcdn.net/m1/v/t6/An-zRnMOCYRvEJ6ge7ozRNuO2tVMwSAO_5-rSlxTZG6WeZ6v_jrh5mBy8lJlhUZE0_xluK5czGAnnqaCxkMsezdbnsN54NCFbtQK19Wc2GczhVeMBL17aSr_HtfIb1Y1S5_O_cTHw-5OVVJHD_v0ByU?stp=s1024x768&edm=AOnQwmMEAAAA&_nc_gid=leSalUWrMziBZrOYgSi0jQ&_nc_oc=AdrSw0pLJfRYJSBl_Dd5RTl0Vwx2M_T-h1LSMWDTJixtfJhoNSzEmTUXXh0vvqPOwiw&ccb=10-5&oh=00_Afz4oGfgTcUdIieu_uB0Y9opK1U67g7Nsr-7w2bq635jkQ&oe=69EE01E5&_nc_sid=201bca,1732009133572.0,-0.2085076,5.5685218,316.3488036353165,/Users/miranda/Documents/GitHub/Sentinel-FYP/outputs/mapillary_screen/images/8612645808771391.jpg,downloaded,0.002742227865383029,0.09116617838541667,0.2146759033203125,0.07165614811237903,0.25710316574297976
11800,-0.18285171912073955,5.576365218830097,ok,200,,300,505995570668630,https://scontent-mad1-1.xx.fbcdn.net/m1/v/t6/An_TGZ2HOA9t9Sfhabp__8ZPNDVrphV2q6-jIhpWsLFdBkl1Dva-S2LDLfeQsxBGU3rm9Zp5ShMXByw38o_W1I8h-NLxc_bOASVakpLTv90gpWWtU60HL5HRT2XiNt8CbrEOhHHmqgwYy07DnF-qKA?stp=s1024x768&edm=AOnQwmMEAAAA&_nc_gid=lpJcWcyJGngrMld8NIGbNw&_nc_oc=AdqMnS0WgCg7RpZ1S9npHViXzH8RkSeB_NvXdi5lCO01mc1fKEqq2k5oSFNlEutzjk4&ccb=10-5&oh=00_AfyCfa7i3yeQd9yjk8DFG2G0sjfE3ZQPZqiopWWEXS2UVA&oe=69EE03C9&_nc_sid=201bca,1538674159000.0,-0.18432064888889,5.5769390052778,174.63654182886557,/Users/miranda/Documents/GitHub/Sentinel-FYP/outputs/mapillary_screen/images/505995570668630.jpg,downloaded,0.0011891359463334084,0.2841936747233073,0.3890177408854167,0.16365621856724225,0.6688880161036943
3145,-0.232043221504598,5.544967258019292,ok,200,,300,174970771191045,https://scontent-mad1-1.xx.fbcdn.net/m1/v/t6/An_cW5vVaCYDfImVCxF6hF2_S6hXrv1zAfwVy5I8G8BMsugc179BNXilsxhEFC569rmwK3NTAMG0PU7iL6dDhwWZ8tRox3xVeDg4i24GxPFUD2BHJMjY_L5qprSu0CvXYoLNFG-f2OfJkvTYs4Ga5u8?stp=s1024x576&edm=AOnQwmMEAAAA&_nc_gid=8FcBT3bLhiHihjwdOfXrMw&_nc_oc=AdqFTllNhp_8-7pafBiBb8ULM0dEFV5dIDb1Z_BXwIAIUmp0UXiXEbFbnxTm8OBFlu4&ccb=10-5&oh=00_AfykOF4B4EdvGWvFYKyO7Z_q-ZEN64vOYbMGr3eK12GOKA&oe=69EE1D46&_nc_sid=201bca,1583665132702.0,-0.23248656470029,5.5435683168411,163.1102949172703,/Users/miranda/Documents/GitHub/Sentinel-FYP/outputs/mapillary_screen/images/174970771191045.jpg,downloaded,0.0008179989526979625,0.0652279324001736,0.18495008680555555,0.05696739655751218,0.19135750564618556
8833,-0.15278488122595105,5.562741727198735,ok,200,,300,1410543439531921,https://scontent-mad1-1.xx.fbcdn.net/m1/v/t6/An-sDWOSTVne0ojIyIndfOXbn0urzKxpq5lBToUUsd9gYT8-WNRKtFwTLIcm_d-kIXELE5_W9j2q4Eha-rT0Q4DUXJ9acJVU1DMPgsvzxnqk-OIOubLoQw7ABppNr4NNiF8VdWiQe2Ojunf6zNzpIQ?stp=s1024x768&edm=AOnQwmMEAAAA&_nc_gid=nErxjqORhNX3jqnW1GxhgQ&_nc_oc=AdqzM6tWohq7a8lXa1yumEdnX5bKJ-eeqEQHnVw-1ULBwaD3q2wPpOaGo5iYk6xFOYU&ccb=10-5&oh=00_Afzztgm-eR7pNghaBT7tE3K8YJ1Y9jA0iWgiccbGD9g7qg&oe=69EDF424&_nc_sid=201bca,1701761098519.0,-0.15376890000265,5.561286,195.09365864398177,/Users/miranda/Documents/GitHub/Sentinel-FYP/outputs/mapillary_screen/images/1410543439531921.jpg,downloaded,0.0012381946435198188,0.15105565388997397,0.2103424072265625,0.0880042749340646,0.33027605489036976
3444,-0.2409145307191948,5.548425348662618,ok,200,,300,282249173562014,https://scontent-mad1-1.xx.fbcdn.net/m1/v/t6/An87W_zNaf032HTZiFMPdXLOuj1Ezurk746SjzMTjj-saKc7lPAn6Q-CFIvY0W-y3iWH8BZclwbXKd1S-5LpXwrR5ty0Nbz-KVXPSpdado8IAdc2McOc2I5r0xXsT5j1fAjuQYMmNfvNax8EXXq47G0?stp=s1024x576&edm=AOnQwmMEAAAA&_nc_gid=2dkRjJoALM4o18jmY485aA&_nc_oc=AdqcJuHYartdli7JGvK6L4-Q0Darskq8V_tKHDwC6UFJzGA3GIzBA-HDdV1djXpyd6k&ccb=10-5&oh=00_AfxS1_lT-GGMUTR7dFogmzRX1IbKx2vy0MIFhUqBUX9UOg&oe=69EE0930&_nc_sid=201bca,1583666916415.0,-0.24012039428027,5.5484696598665,88.02822338643745,/Users/miranda/Documents/GitHub/Sentinel-FYP/outputs/mapillary_screen/images/282249173562014.jpg,downloaded,0.0016024003271013498,0.0961456298828125,0.3580322265625,0.10125133444089443,0.3895688183607596
5805,-0.24485191588113614,5.568271922659779,ok,200,,300,1019972176448890,https://scontent-mad1-1.xx.fbcdn.net/m1/v/t6/An83VoblRZYHoxenWaOPGWib_X78L91yp9wJcedlvStcWTPf-rHtYewPbrLKdP_mSWXMksPrie2Vb9u03ukpBS2PcfxPlDx1KP1rXjeDn6tTBTQoRa5_7G-9dL6h-PuRJspXT837QbV6kj5y1SGIfQ?stp=s1024x768&edm=AOnQwmMEAAAA&_nc_gid=OCSNFpQtHJN1STqINUoVRg&_nc_oc=AdpNYfukb7Xvvc8gBG6oYWQViryz2tOjD2nScJ1wfN1ry1P1zuUBqgOac-kJBJcdEoc&ccb=10-5&oh=00_AfwzdO18m5v9Q2HLuhohvobRIVOCPdVEgA_afm0AVXdd_g&oe=69EE22C6&_nc_sid=201bca,1722074642654.0,-0.2437492,5.5698167,210.7097652181409,/Users/miranda/Documents/GitHub/Sentinel-FYP/outputs/mapillary_screen/images/1019972176448890.jpg,downloaded,0.001293080858886242,0.07715861002604167,0.6821619669596354,0.1602265168291827,0.6535369494142224
7140,-0.2124916137202771,5.543802436257209,ok,200,,300,774764273414232,https://scontent-mad1-1.xx.fbcdn.net/m1/v/t6/An-RuLrceoo-sDIBFaNAS04u-Fl7AIXOOVkQy4EOxWt4iWPK0vz5cEqTOjTj7Ximpa2-lhQcfTwVmdxNTLrc2fkeWL0_IU5sjXvNXwsaMth5u0uiDmg5S_CKCWPVHZNHWLE5r7Fbp4VS4-nuSiQCYQ?stp=s1024x768&edm=AOnQwmMEAAAA&_nc_gid=j0PidCWnXpR_orc_l7SvYQ&_nc_oc=AdpotVUVK5O8Ib1VUihL-_5sPRSsy-O9mW_l48qnAxFSIgLdJOrt7zJIyGnYDGUTUlY&ccb=10-5&oh=00_Afz7jR1njHNcgogAB42GkHhqIJDvQHtOQp8IrdAJ2fyT7w&oe=69EDFD00&_nc_sid=201bca,1546245454380.0,-0.2098392,5.5454057000011,343.447898360544,/Users/miranda/Documents/GitHub/Sentinel-FYP/outputs/mapillary_screen/images/774764273414232.jpg,downloaded,0.0017128348117694259,0.20051701863606772,0.025316874186197918,0.0660748978339446,0.232121942366
3874,-0.24016606045501904,5.554468459481355,ok,200,,300,199534975336651,https://scontent-mad1-1.xx.fbcdn.net/m1/v/t6/An9a7DWpS6ZDZwaF-denAAaQXrfLLflSS9NuwJQoz-_BRJLCwYWhFlP0u8ZPSfgreJky1I1U3zp5b1NLzc0yqc2T1HmWLsyYRQmnnxAxkxQobhvz6A-_BMHJg3sWqGEuO5LtlgY56P99BUsKkaA_gA?stp=s1024x576&edm=AOnQwmMEAAAA&_nc_gid=qIB-ZzM48fVPGSlwKzw1fg&_nc_oc=AdpFl3m66_7FL32DzAHbLWWZ5VxoCvRhDC_2qtrEWWymfZiPYrGUlOuAgchYRMFzXiQ&ccb=10-5&oh=00_Afzzj3_j4RgWlJxEF8F2sYx28B5IMZWpF0UhmYe5vVbY7A&oe=69EE1F74&_nc_sid=201bca,1583666989763.0,-0.24012536084211,5.5544721547368,4.523043529268834,/Users/miranda/Documents/GitHub/Sentinel-FYP/outputs/mapillary_screen/images/199534975336651.jpg,downloaded,0.0009404741576872766,0.031099107530381944,0.3079054090711806,0.07138105115219434,0.255871854070888
12267,-0.1723538347386479,5.578129019139446,ok,200,,300,4237267396334191,https://scontent-mad1-1.xx.fbcdn.net/m1/v/t6/An8Gnw1JJmkMuY4WQ657RFZQO28TG0R_jlcQLnvShkXFzEsLoVFcFW_F-smQc9KqqqWZ21TRVdPgeKSZdJrDpdFjHnLP8ABxV6ImiG5Q_s_qy6sSYwkOTSILqrJ9yMgAJhRL6yyvLtqClQE2NZxKIw?stp=s1024x768&edm=AOnQwmMEAAAA&_nc_gid=A4lQF5K4gniPu_rrUWALSA&_nc_oc=AdqEXl8J6HrgWRWu3RIMgIoV4HyOmC1NCP2QSwzCBU64OJMVvayTosDdGmuVnPg7tp0&ccb=10-5&oh=00_AfxhhLAMldcObrKGQrZtCm74NyDzkSNTMUBll0fEB6LyJg&oe=69EE0BF2&_nc_sid=201bca,1566141032000.0,-0.17199615,5.5774930491667,81.04176595438257,/Users/miranda/Documents/GitHub/Sentinel-FYP/outputs/mapillary_screen/images/4237267396334191.jpg,downloaded,0.0033537261188030243,0.10183970133463542,0.12063217163085938,0.056355207785964014,0.18861739837846178
9742,-0.19890089600677507,5.564007371557454,ok,200,,300,4816091375073112,https://scontent-mad1-1.xx.fbcdn.net/m1/v/t6/An_wWLl3ZNeAmLtTAUp15g-YFpiBdcXRaqiD64WYc6O7ZLPx1KHbr3R_4hD4AbzS0vFeLKlfZS_kSlxjQDk0HOcj9bVM4LvaoMnwJTKfgMhBCPfvEBA1z-3tQ-BoIdPCC7c-ST1GZgaxYUMujOqiIg?stp=s1024x576&edm=AOnQwmMEAAAA&_nc_gid=HnaUwI29e0p5GN4Xfi2KCw&_nc_oc=AdqT3nbCxwRd7LIrvKQvDuhMDM_EvnwZ-ritzf6DgeTPKa9-tPIqdBN5gwUAkVP-Ig8&ccb=10-5&oh=00_AfwYoiD0q89_kBTN6M7xj7dQVCllz5V-GtfAMyP91SV2FA&oe=69EE17D4&_nc_sid=201bca,1566997979237.0,-0.19682764776655,5.562154338293,308.386975553138,/Users/miranda/Documents/GitHub/Sentinel-FYP/outputs/mapillary_screen/images/4816091375073112.jpg,downloaded,0.0047387368977069855,0.08617316351996528,0.18446180555555555,0.06511367861595418,0.22781960314074667
11610,-0.19916502070401282,5.575330966698651,ok,200,,300,372528830766991,https://scontent-mad1-1.xx.fbcdn.net/m1/v/t6/An_Dm0QkFSyd-1mR0mwA_ZFgNCoMqZLX7DrnkK-9CcDy4ia6Tes6AjqnuvKl-tfVA1bvjbly4iJg4OVPucZ8FqSryNR0q2Be-Sz2MzwmOy0nKMws0bgQ7gm8Nz2Bnw6vD-9nZMsHWXO3BFegX6hKxw?stp=s1024x576&edm=AOnQwmMEAAAA&_nc_gid=QzWrnTtJYfRm3lhCSQX4Lg&_nc_oc=AdpFEaFs_SnlEa5GfVLa3cKSvrQY7_7LkizXFKkHmzjAB78z-JTDvfBe2rH6S3pDCqo&ccb=10-5&oh=00_AfxSCAI_G87A-Lb0xDidaFRIyfMMECR6841uchmQNcrahA&oe=69EE1A43&_nc_sid=201bca,1476635867932.0,-0.19727549999993,5.5739809,257.4175004315305,/Users/miranda/Documents/GitHub/Sentinel-FYP/outputs/mapillary_screen/images/372528830766991.jpg,downloaded,0.0009720362722873688,0.3156890869140625,0.009767320421006944,0.09714620829456382,0.37119460682460687
10066,-0.1681453987007772,5.5673633377242355,ok,200,,300,2885540558333848,https://scontent-mad1-1.xx.fbcdn.net/m1/v/t6/An9LVknwWicqAjCiUeKlGr4628N6peKoA4Ma7y3h8HeSfMyhRk3SeDxdxM4MaCWeYsMKTyifqx-mfkGWXG9CPHzg5E7amvS6vkPrMYLNtzEy0ujyZ7pH1i7FT_iJpRamnBJAxdD3vxDvol2FdKFPLg?stp=s1024x768&edm=AOnQwmMEAAAA&_nc_gid=3kVe2FrLw2wbVAapTGSHLQ&_nc_oc=AdoVfB34HK_Q-VrIw1ZNYGmecDe8-W2EjW5hEDIVDsbbwKolSVrvm_vFXNwX1Du2ViY&ccb=10-5&oh=00_AfzEYvintisRHXiBGXHje8gU0jDF_GISw2rO9U5Qxnf1pg&oe=69EE06C6&_nc_sid=201bca,1538145758000.0,-0.16894203583333,5.5686317011111,166.32478388246267,/Users/miranda/Documents/GitHub/Sentinel-FYP/outputs/mapillary_screen/images/2885540558333848.jpg,downloaded,0.002664824714884162,0.17023722330729166,0.0897369384765625,0.07035096704494208,0.25126128118907776
3111,-0.23439330309651535,5.542959596433672,ok,200,,300,3455889977844442,https://scontent-mad1-1.xx.fbcdn.net/m1/v/t6/An__nxE1JZ6FwpXMVhQqeaeCBUJqp9Kw4cxSEVmfn5gK2xBflAE2jGaCpOt6Rl5ugLOn05Dbh57DwT21yX9T-PVF7XSgh1EvMwk5aDJNE29k4ce1rSA7CULBO_3Ul8olu61w96DE9rVro0Ylej_dWw?stp=s1024x576&edm=AOnQwmMEAAAA&_nc_gid=ofv1ZiNhlgvPS5uv3uxImQ&_nc_oc=AdrOsSlSHXodcXa0MKvPeklWZ8tBmafTaBZCfoPehm-OP88L9bv-JahNfyN9_TSHno4&ccb=10-6&oh=00_AfwcyIK3aVJAxIScFhdgWtqoGs0jISfV3U8Fw8O8-Af3Zg&oe=69EE0F7E&_nc_sid=201bca,1583665088623.0,-0.23435673600783,5.5430064669276,6.598572850155808,/Users/miranda/Documents/GitHub/Sentinel-FYP/outputs/mapillary_screen/images/3455889977844442.jpg,downloaded,0.0010499105555936694,0.1328921847873264,0.1916724310980903,0.07872709693361282,0.2887521589216161
10031,-0.16732029831248174,5.563620898338747,ok,200,,300,1515687612157878,https://scontent-mad1-1.xx.fbcdn.net/m1/v/t6/An88He48RD5_qwY7a32vp0Tgm5CgsBzailVHT-_ROwRcu8qN-Uzd1HBOvbUZFOwPfL_j6nTN5G3NfEFtrKngZZ-4Xw-qxs--ZHMEGS-xojlZPUgQRTiTCuchHDkr0f0OUs5Ifgc_NuPZo-ghndpS2w?stp=s1024x768&edm=AOnQwmMEAAAA&_nc_gid=6FZgvatCRj8_5qI5lGquiA&_nc_oc=AdoVtt2Cp5H4KZ6AFjtujb-fWwpudHflHtOgLBIPnORwZm5wsqJywyN63S9pFhdYKlY&ccb=10-5&oh=00_AfxEVc1p5cbcmUPNUvfvzg5LNirDvXakvE5EoICEEMSc9w&oe=69EDF507&_nc_sid=201bca,1538146070000.0,-0.16609311083333,5.5611992997222,301.581870213525,/Users/miranda/Documents/GitHub/Sentinel-FYP/outputs/mapillary_screen/images/1515687612157878.jpg,downloaded,0.0023708760272711515,0.11908849080403645,0.03598149617513021,0.04410828448987256,0.13380116343509402
10560,-0.16977186738916228,5.570114331338963,ok,200,,300,2905945889657490,https://scontent-mad1-1.xx.fbcdn.net/m1/v/t6/An_d2nRU1t_qljNmx86_viykzXdZCHBe6lpYZCcQAqEbZ4GHGBWnhlgY0wR4BypC_8jfi83MSOFrIBb60hA0YWgnuBimZhbj4AYXs8cjMSI9oMLQLUrGrTpWvnXss91e1i5w472HUY9ZzgZ9WAe6Pw?stp=s1024x768&edm=AOnQwmMEAAAA&_nc_gid=L0SpLu9CbJEinaNFLq77ng&_nc_oc=AdqlwI1TOrvK6zBDtf6bnS0VkUcxovlfZ2oNt7JYWhu5Gtc3MtJ_roSrugpwG9YC0kQ&ccb=10-5&oh=00_AfzBkKJtVKO-g2IKXlozdduZf1jsZKwySF3P0G6rPWTqWw&oe=69EE083C&_nc_sid=201bca,1538145588000.0,-0.16871983166667,5.5703171341667,118.59241997001119,/Users/miranda/Documents/GitHub/Sentinel-FYP/outputs/mapillary_screen/images/2905945889657490.jpg,downloaded,0.003250877605751157,0.10924911499023438,0.10314559936523438,0.055029293172992766,0.1826827121570928
6713,-0.22980986667199513,5.574116554667849,ok,200,,300,1640041619962360,https://scontent-mad1-1.xx.fbcdn.net/m1/v/t6/An-ztBKXEVtJccY9p3SiqZOlwi-WBytWouneRQbni7QwfZNDFHFvcXge8lEbCzIAqaBEj4kp5n6EEgO3uBm3cQSNA3cOAvo_NUldknNAAi0NMJA90uUp5XuzyJ5Z7-zzohV-GMvLbUXcZ_QupjJpRoY?stp=s1024x768&edm=AOnQwmMEAAAA&_nc_gid=XAGXvNgkhYyZJ_qBnASgFg&_nc_oc=AdqyFYDArO--zTggaRNFsrKmS3ObBwjVjsn8H9qt4TkGkdKzRt4VorU7FninGdCWQZ4&ccb=10-5&oh=00_AfwdqUVpq2N4MOgLyR0EBGLAOYoPqyYSSt55S4zJi6hVoA&oe=69EE1D64&_nc_sid=201bca,1742383591452.0,-0.2273962,5.5748148,278.17319244934004,/Users/miranda/Documents/GitHub/Sentinel-FYP/outputs/mapillary_screen/images/1640041619962360.jpg,downloaded,0.0026690701488405466,0.11635335286458333,0.2679799397786458,0.08983652888952444,0.3384770749237406
8646,-0.17131278227126123,5.561960827886765,ok,200,,300,159653776117198,https://scontent-mad1-1.xx.fbcdn.net/m1/v/t6/An8LeE6CeIbGjIDp818DwlM76chkgxoWUx2bcpnPce_Xr1HdsHQ8IK7S04qOg-fcT7ZcAygEGNLV-a_pfNTiG-q-VC1Tru3KR-jl4zDGcrwP34p-00bhMSH06vDkmMAjuCuiG9YoMqj0sxrpE5LxRiI?stp=s1024x768&edm=AOnQwmMEAAAA&_nc_gid=2pmdUt237r00UJcjwTc3Lw&_nc_oc=AdqinBXURejH3PPcsRn9zofwaXrZRjCqMqWiD2r8q2ojW5GeWmu-VOWLSm97avm5WDc&ccb=10-5&oh=00_Afz962qCaCNc2hLcTicFJVxklFCD83M0-bdTg75xizSS-A&oe=69EDEE14&_nc_sid=201bca,1538674809000.0,-0.17239353611111,5.5616626513889,124.11895917905129,/Users/miranda/Documents/GitHub/Sentinel-FYP/outputs/mapillary_screen/images/159653776117198.jpg,downloaded,0.0008615307160653174,0.4288037618001302,0.36260096232096356,0.20159208636226444,0.8386858821927339
7799,-0.1857792514581925,5.55178876715941,ok,200,,300,647530316642343,https://scontent-mad1-1.xx.fbcdn.net/m1/v/t6/An_e9FIbE1u9PfzBO3XeOhKAf8SeJx0UbViuKeiDNW6aifyLvtV31fyGK62pvDUWwx3BW9s6UbXCiqcneImmvXXOemCR7O4EwymbTus-BdLX7XQgZk2-PGFZGkU0Js3j7A_5J7B9O6ca9cAqNWTW2pk?stp=s1024x768&edm=AOnQwmMEAAAA&_nc_gid=zt5GLc9O4i6hR5TA2VQjiQ&_nc_oc=AdqCC5VyV80466sD41YNxJEV9_17IXqU40dd-T6BGt_j6SoaAijfBHDj-8OC8UN-LbA&ccb=10-5&oh=00_AfxeyhJp-mznwNfIVU8_q_U__zdpe7NJMkkHrfTEQIvg2Q&oe=69EE05B4&_nc_sid=201bca,1546247176348.0,-0.18461870000227,5.5505404,189.1195489870742,/Users/miranda/Documents/GitHub/Sentinel-FYP/outputs/mapillary_screen/images/647530316642343.jpg,downloaded,0.0002835339109878987,0.08718236287434895,0.14876937866210938,0.056050351550220506,0.18725288660367176
8308,-0.1612759550346352,5.556548689599218,ok,200,,300,1152365905262776,https://scontent-mad1-1.xx.fbcdn.net/m1/v/t6/An8quZica03bhDd4ZwMSXVdiA979ifnbFamU9HSsLRQCgpr_gqhkTktEeU6utpKjuBAGxtcFDDeD6dh09-NijDqATFY4Io-7T91OX6Fsc6T-3hsb9DnIskTcSUDwjYIIHViShw2M0Vlvlt9ZvMZvNw?stp=s1024x768&edm=AOnQwmMEAAAA&_nc_gid=MCScpDZA3DmqQAohWjCCfw&_nc_oc=Ado8wcqO98kEiIjGMTHL1LXOTQxwDVMt8CqZ2j2-nJu_7Zl-nhGHPBgmcTqWcky_tkI&ccb=10-5&oh=00_AfzYt78m4ISddUp_jgJ-7Ka1hMYGGGc2D7fY8fjrNZCLgQ&oe=69EE19F8&_nc_sid=201bca,1565533803000.0,-0.15986518916667,5.5582616941667,246.29059256774244,/Users/miranda/Documents/GitHub/Sentinel-FYP/outputs/mapillary_screen/images/1152365905262776.jpg,downloaded,0.0020632760133594275,0.057650248209635414,0.2730293273925781,0.07293257794808597,0.26281636211656745
7262,-0.20036746978043904,5.547645323699098,ok,200,,300,234103635156985,https://scontent-mad1-1.xx.fbcdn.net/m1/v/t6/An_YKlxW7mWKBj-b_j7SGDmzsee84ve6AW6NRh8NSpZL5osawHuKH8lImlBagwHX5lreJcbypYuz6TCvM5dYQzz9HaSGNOc7334JdCdq-oT1OilVniOGNrsFDa0sWGMVxu7AcZTXsgH_hTkCI-1mow?stp=s1024x768&edm=AOnQwmMEAAAA&_nc_gid=JbO64hxmy9b9M95AnIVmuQ&_nc_oc=AdoPEbqxRQeBxBy0h9k7Ax92IAN7sqP2syJW4A0Y80VcWzvWjrzKqhTYLsgxRtm_aB4&ccb=10-5&oh=00_AfxdxbR2IA-gpkWdo8BplMGvODe8NgWzSdFr-owXdZOHWQ&oe=69EDFC0B&_nc_sid=201bca,1546261356633.0,-0.19978730000093,5.5473826000022,70.54309109128464,/Users/miranda/Documents/GitHub/Sentinel-FYP/outputs/mapillary_screen/images/234103635156985.jpg,downloaded,0.0003199405618943274,0.0031941731770833335,0.2949384053548177,0.06010590330503571,0.20540520718592664
3913,-0.21684584546433094,5.552759060891537,ok,200,,300,295953292194991,https://scontent-mad1-1.xx.fbcdn.net/m1/v/t6/An9zrKyphvq9YnlViXwOb1XQK7a2NG2zKRd07HeuwGusk9EKFpeTNlDGtzGMFz3KnFJXriay0_Icnk24Tk1kFq22SMwbX3T2Qk4hkjW0FCGjVGagDoiKXJQx3VN6M9ZrassXPYxaRStLcb0fmi4dIg?stp=s1024x768&edm=AOnQwmMEAAAA&_nc_gid=kUKLGYz47sOUVjQoauj5Zw&_nc_oc=Adr76VjlI0uMWvb3iVqHKdPoXkY7uVZTqSEgKrWlHFeyhMvx_Um2OQFxwEZnKNJVkUM&ccb=10-5&oh=00_AfzWbiImUwktX5ytRbT6ll__F30EvvK2P0UnAH-jsfyOKA&oe=69EE2587&_nc_sid=201bca,1539173370000.0,-0.21584683083333,5.5546133033333,233.956283394341,/Users/miranda/Documents/GitHub/Sentinel-FYP/outputs/mapillary_screen/images/295953292194991.jpg,downloaded,0.004386765882372856,0.06888707478841145,0.21661885579427084,0.06618327653656403,0.23260703664494758
7234,-0.19547371361326973,5.546241409202341,ok,200,,300,273931634425422,https://scontent-mad1-1.xx.fbcdn.net/m1/v/t6/An8PHm0B5OnFvPCtZGA0CqQNeh4og3X_SFgX3S-PrZE6wbKxzeWSs7SkE06g5d8L8wBL7MFxafl7xqNhUrlw3LiezGt3q15vR6paQyXnqxWmfmfICUKc8dv8K-_75TrFwvs8ikRi6Q4bPqx6-Mf2Uqs?stp=s1024x768&edm=AOnQwmMEAAAA&_nc_gid=mYWg-27H4-sE7d_xRKV11g&_nc_oc=AdqqN_S784qvG-hEybfwJ2lmlC7EryG597CFIIm86RIYVm_0b-dRh0sAuiVyr7I6-sc&ccb=10-5&oh=00_AfwF28SSm_Us559i8fW5Jw3hSbqdGx4byrtGFc7mhn2zmw&oe=69EDFC62&_nc_sid=201bca,1522168866449.0,-0.19550864584767,5.5484631657652,247.07830676193132,/Users/miranda/Documents/GitHub/Sentinel-FYP/outputs/mapillary_screen/images/273931634425422.jpg,downloaded,0.0010588020086288452,0.0035260518391927085,0.4678153991699219,0.09515029639005661,0.3622610670907009
8980,-0.18409456263439,5.556244516029304,ok,200,,300,319699216227557,https://scontent-mad1-1.xx.fbcdn.net/m1/v/t6/An8lV37bXaF1AKgEL4k8JlWmIhHDFFwK8hZmAX8JoFrCJeAGjs2SxwVw9TbAbgNpoJGrlRWtT700UhFymXoQ0Mo5C-a1tRXR1xKMSTxhtwcHVmhgmQmba81B83WZp9fXBqzf-J7ZANMDvP2NJ9Qtc8Y?stp=s1024x768&edm=AOnQwmMEAAAA&_nc_gid=TanG4CQrUVFvYQ5WLkFXzg&_nc_oc=AdoDFaSWaiWZK0ZkkoQlYohkk_Qu75AQ2fhekoM_S6l43ZZPuH0G5EZKqlPR7QKzerk&ccb=10-5&oh=00_AfyFBlR1EXf2S-ZedMCrWO07p1wIqrQA6O9NphZN37CBMg&oe=69EDF275&_nc_sid=201bca,1566743482000.0,-0.18235098555556,5.5581774561111,288.84600283045006,/Users/miranda/Documents/GitHub/Sentinel-FYP/outputs/mapillary_screen/images/319699216227557.jpg,downloaded,0.00265917438082397,0.07494099934895833,0.008139292399088541,0.025439745474917192,0.05024229759163648
1130,-0.2360130657568465,5.531917935298085,ok,200,,300,850782238845226,https://scontent-mad1-1.xx.fbcdn.net/m1/v/t6/An_tywrJXIeMvFfCP-PZCTE9HxQe1Y6BwqIqEXxE_PBTJvOb3AVs6N3nlG2KYmTxnmWLCvVEdSVee23PblDm-SM5Xf-yYoGO-PKvIsYa1e6NSn3vrlpztTXEC1pNpZ1rxXCmyBOktc5XnGLe58Er9Q?stp=s1024x576&edm=AOnQwmMEAAAA&_nc_gid=oEJcPGFJafN0iVmZF9O4BA&_nc_oc=AdoQeSHk3DPyueIlFVQIRo-o5MbkPB_djgwOMeb9WMlMZmSHxuiAu2vJHTBDSyF71iM&ccb=10-5&oh=00_AfwMWzWtUkOo1iaTSM23sitOhfa9vNwpLxCcLYuwKe_tLQ&oe=69EE0225&_nc_sid=201bca,1583666649532.0,-0.23638141451135,5.5340375660415,239.19199390009837,/Users/miranda/Documents/GitHub/Sentinel-FYP/outputs/mapillary_screen/images/850782238845226.jpg,downloaded,0.0010087197879329324,0.024308946397569444,0.2713640001085069,0.06206984383493869,0.21419564564129948
10188,-0.18311424982955304,5.565030300062294,ok,200,,300,1222004895747579,https://scontent-mad1-1.xx.fbcdn.net/m1/v/t6/An-xFDFdSWMOY-UpN1yZtvk5fnxcZE5QneFbO_UYjFP7YDgnTYOx5a7p2Yti9gIaNCKmJ4FoZ0xF6KRq4Tl2EOHO9bXUzCUorM-imTY4VNN8-PtKoB1-HurhN8LS-l2tCV7MI0o8GnyWsYg-lNX1qEo?stp=s1024x768&edm=AOnQwmMEAAAA&_nc_gid=U-QmQzU1GvQR9iY2WFqY9A&_nc_oc=Adpps4puQOXdQZi0CNsI704cHB-wb9BQTHyQt2IKyZBWonChFopk4B3L7b6SGCXCdAY&ccb=10-5&oh=00_AfxnPBk4jx3DBbMBpf-QN7t01Dz6DsTqIb6txpYhkGlC7w&oe=69EE1942&_nc_sid=201bca,1731697730345.0,-0.1810697,5.5664854,278.1691305880399,/Users/miranda/Documents/GitHub/Sentinel-FYP/outputs/mapillary_screen/images/1222004895747579.jpg,downloaded,0.00022074708249419928,0.5119908650716146,0.08472569783528645,0.17065277262978876,0.7002040243789257
1253,-0.22732801226220548,5.534134711899539,ok,200,,300,178677964148022,https://scontent-mad1-1.xx.fbcdn.net/m1/v/t6/An-XHwJs_j52qsnO4Vr_kUwYPxUUOHpnMXRYgIuYXvaBz5g8EeZM-ugW8GzJ_7-1vYOYEfu030uyC3T9wcxMswjuT2RxU2x-vKjNaMiCW_MkTUoWUFX0mU6Kj9GsUXedgBs-HAtOgl9RqZooDXxNw_o?stp=s1024x576&edm=AOnQwmMEAAAA&_nc_gid=sDqoh7-knygeeRXvo-xF3g&_nc_oc=AdoGF3rjRRyet2Msgdcvvi5zAlyrJvDYFslQUWWkrWAVo8wP8wuMeUt_ljVO2UkD02Q&ccb=10-6&oh=00_AfyWS14ZO0VeGRuTeITQ_vF2SUwZ03mN5hNEHT7K38KVQQ&oe=69EE1DF2&_nc_sid=201bca,1583666551640.0,-0.2293518,5.5355808,275.7272266015792,/Users/miranda/Documents/GitHub/Sentinel-FYP/outputs/mapillary_screen/images/178677964148022.jpg,downloaded,0.000864634639583528,0.027252197265625,0.10516187879774305,0.029640352259027874,0.06904387271508014
3304,-0.22183637761825137,5.546845748071518,ok,200,,300,452665609136864,https://scontent-mad1-1.xx.fbcdn.net/m1/v/t6/An9A_Bj9sVSY2QfEt8-klamTv8kL4UNpHJMHM5kIBJM8C0OlwbZ8nRYKjVbIKD_51SzBRwktTDkSLYwEmZxftT10JiQvcRv9FIY-cH5jRzneppiY8TLoQQmhcEU2welLJSkbRq5Y54JXuiyFx1FJ1w?stp=s1024x768&edm=AOnQwmMEAAAA&_nc_gid=i1CBct63ODTgIDGyjBrIEA&_nc_oc=Adougedd8RzcTh_iYYZHhRcLVbwKQlBgkm6H3_F2Tf7Ro6TyAkMRWc4wEOvT24p14L0&ccb=10-5&oh=00_Afy9H1eN-hvIm4SIM0k32TIFFHNCRIO21-wu3ZhqImCZFQ&oe=69EE2448&_nc_sid=201bca,1546263319865.0,-0.21963270000109,5.5493733000016,372.1181274979654,/Users/miranda/Documents/GitHub/Sentinel-FYP/outputs/mapillary_screen/images/452665609136864.jpg,downloaded,0.0010873753344640136,0.21634928385416666,0.2203089396158854,0.10951026074665908,0.4265351023662485
10670,-0.1516462854178567,5.5687179537736355,ok,200,,300,879075597736422,https://scontent-mad1-1.xx.fbcdn.net/m1/v/t6/An8kjJPtraE2vwbQEP0OS9kICfXXa6DGdN740yi5Iul3jbtgzonsaMLRG4KbFbctj4PAirbbARnXrIm-4NhOGXDC9qSMyjwUyBUPCNHfRm9bxhMI7kyl0wkm7LOtHWO8CYODUAnGT_dfnpd-ZsEg2w?stp=s1024x768&edm=AOnQwmMEAAAA&_nc_gid=Gv0KSTshbEZkZNqZdUMVjQ&_nc_oc=AdqDWQTwQeyqTFMicWRXw6qHIBtfMDvt55n0sw7wwGvJD_Kd5iKhkQYpZRtiLsq2HM4&ccb=10-5&oh=00_AfxXO2fdrVhFLmxwMWEgKsEsfJ_N8x8wlq7AbBlw0HvpdA&oe=69EDEE88&_nc_sid=201bca,1731696981336.0,-0.1494607,5.5673017,288.6271695851416,/Users/miranda/Documents/GitHub/Sentinel-FYP/outputs/mapillary_screen/images/879075597736422.jpg,downloaded,0.0001408188691129908,0.6793352762858073,0.030956268310546875,0.21006224598240805,0.8765976293736604
11758,-0.2132634848614865,5.579598401781988,ok,200,,300,265993038639258,https://scontent-mad1-1.xx.fbcdn.net/m1/v/t6/An__tZdz8d4yMv-gpFGE0JfVI7rNOgGXzHiL2bkTghRCH7eOMkrqwXDYGs-_P-rBhCMNZmTIU51Qieelyq6RDaefSKpCCLvyjYvTnKZ4DhCG3xcBKp7kondi8dJSgQHrq97tM4ueyoi7viEPXG8uTQ?stp=s1024x768&edm=AOnQwmMEAAAA&_nc_gid=WEwA6sMdNskasiU3KebFzQ&_nc_oc=AdpB1wrZ-r_tjWnBW5r5t6JVePitoWnh290N3sog_BrjMBmR-8Z9-zhcqSrncalkYsk&ccb=10-5&oh=00_AfwMRk-DFgLspPnFysib7yhQE6Y8mV18wdg6oBMhq_pWbg&oe=69EDEF85&_nc_sid=201bca,1558875497000.0,-0.21533528333333,5.5777847391667,305.35424463147666,/Users/miranda/Documents/GitHub/Sentinel-FYP/outputs/mapillary_screen/images/265993038639258.jpg,downloaded,0.001697237603366375,0.029413859049479168,0.20571136474609375,0.05081504946574569,0.16382009927220686
10524,-0.16889897013425975,5.568724887803376,ok,200,,300,1020553708706625,https://scontent-mad1-1.xx.fbcdn.net/m1/v/t6/An_e8nC5ddTMqLbexmzBY6H_LFva1xMWXZNBnKGC7jL2QUSvbLAUjb5UjZGQxyU-_aM4g56t9ZWzzHxoPAltC_n3gi6rr4BKKkTqxgVc8XjsnOSJDHeWw5HBlMdfQf5IYhtkmUJG8OqlNdXxUfox2Q?stp=s1024x768&edm=AOnQwmMEAAAA&_nc_gid=PUa3tLBmeukJAxDS6ZeLKA&_nc_oc=AdqbqcBF5-lczXfiy87n_cMH1OwPWeV03apwC9O-6GkGfmq1hI90uTL4AHWvn2YLsa0&ccb=10-5&oh=00_AfzrlNJZbsnx4-rghguQN6KnOmHwY51pKX-8VyM_f67S2g&oe=69EE1DBB&_nc_sid=201bca,1537717347000.0,-0.16913968111111,5.5679753141667,87.50248512646422,/Users/miranda/Documents/GitHub/Sentinel-FYP/outputs/mapillary_screen/images/1020553708706625.jpg,downloaded,0.0025553882587701082,0.041943868001302086,0.15773518880208334,0.04540789229019235,0.13961810249760115
13326,-0.1764034710442934,5.582070791432549,ok,200,,300,2751036651874346,https://scontent-mad1-1.xx.fbcdn.net/m1/v/t6/An94GhzQ8eQn0xzfjDpqow1Z5CFdg7YxYAvE4tZj_Cefcsf1jBvY1jzfIaVmNLIX_QjIVJtKPTBxljw078bwurE8feeS2WfV4ToZO6lUdJit59XL8eWGy_wByBeo1oy6SgtV7UzmBrXNZCwMMqE3DQ?stp=s1024x768&edm=AOnQwmMEAAAA&_nc_gid=wnYvK6MKpHP1OKrKvVG1gw&_nc_oc=Adoo5StrTUrBQr6pE-HAWdj9QAip87Jp00E0EHQGUCAQmurQ2mZuw0TLpuN8UKEv-W4&ccb=10-5&oh=00_AfwB7lqJEDdZvxlqD4cqmyJAttBVqly6KPYQqAysK6jqHQ&oe=69EE185A&_nc_sid=201bca,1566141600500.0,-0.17627268083333,5.5813219863889,84.5120389878354,/Users/miranda/Documents/GitHub/Sentinel-FYP/outputs/mapillary_screen/images/2751036651874346.jpg,downloaded,0.0021708901040256023,0.7757822672526041,0.019062042236328125,0.23763253367505965,1.0
5753,-0.24321918705903425,5.567314320262974,ok,200,,300,1830184347817938,https://scontent-mad1-1.xx.fbcdn.net/m1/v/t6/An-tyLe8uywaR1-msb9fmGiNZFzCh_h083V4778G6T9i7sOsqGgFreaDlWoC7jGJYB4EeLR3hVhCNhn9MMvWujNKDQdp8sN5aJi3fo-x3jV3BdhjSBzlkM5Fl4u3VbPFgSof2AIcrHUW2qpzrhZVZfU?stp=s1024x768&edm=AOnQwmMEAAAA&_nc_gid=eJbTb8V56lMj8wSUMeRcCw&_nc_oc=AdquabQYH5-AA2Qd91X7NETggXmBw8DfsiSNZeptJEJcBNvcttKB934Zs7J1r9uT8MA&ccb=10-5&oh=00_AfzMlfJsnCL9-GeIegPyKCML68F7Mtu5p9WC2bfINIfhpQ&oe=69EE15F1&_nc_sid=201bca,1742381803467.0,-0.2418929,5.5687649,218.08550404062825,/Users/miranda/Documents/GitHub/Sentinel-FYP/outputs/mapillary_screen/images/1830184347817938.jpg,downloaded,0.0012269682483747602,0.08457310994466145,0.6309967041015625,0.15218475792789832,0.6175426890899652
3294,-0.22029934669049264,5.5458255130150125,ok,200,,300,393388035063964,https://scontent-mad1-1.xx.fbcdn.net/m1/v/t6/An-N0jIEA5-snCvjMQZVCb5mZBsE_dH9ZAOMuCcSYlrQsrBwg3PIGtgdbjQLdMonbLyiHG3uOy7oq5t7mRocNVD3qFpvRX9ikkvLaBtIsB3knzvb7bdbWSBw63aum-Cc-swxeX4OrhuEoIHyBRvT9Q?stp=s1024x768&edm=AOnQwmMEAAAA&_nc_gid=e1hTFgBm68ahuc40Bi3vsg&_nc_oc=AdpIWs7fJXrvaUVAJJfUvyRhEIlpNkQM_91BhHwGqsJS3NDpKPkGSEkFYdbTuq8EoiM&ccb=10-5&oh=00_AfwDd1YaNZpgZtosXjISwocv4SoECRbeSPvp5LrJhTxOEA&oe=69EE0B26&_nc_sid=201bca,1546263227815.0,-0.21820110000255,5.5481299000024,345.8091143204615,/Users/miranda/Documents/GitHub/Sentinel-FYP/outputs/mapillary_screen/images/393388035063964.jpg,downloaded,0.0010660780826583505,0.055477142333984375,0.5550676981608073,0.12818972137368595,0.5101428524591455
10941,-0.19930298704074714,5.569227819574614,ok,200,,300,308661992075743,https://scontent-mad1-1.xx.fbcdn.net/m1/v/t6/An_1nwkH4jEjwd7D69AbBkOcqfCiC9ELNVyHbNIp-OWrjoUxZuJf-UgcUTfL0iKTixay2lnEXFxLhqTnYTkSzda-Kbk5joAcVn7l3U2LLoyuAfYk-i_QBC6ABOavvYCcjvOwHBv8ZHVRYVzwa2LLJQ?stp=s1024x768&edm=AOnQwmMEAAAA&_nc_gid=ttcLnkbVTWl0sJ5MBO3drw&_nc_oc=AdpW6FuEis-EDw7Ql_scCElXA5GlE7T7n2GyWXQW09zWT5ODcOI6jWX3-SHIwZ3oEuk&ccb=10-5&oh=00_Afz36q7kfyKD6aPx3yGWAj0TJVvRzty_vbOH48H9aLaPIQ&oe=69EE1934&_nc_sid=201bca,1701354301468.0,-0.1984956,5.570662,182.80006803240198,/Users/miranda/Documents/GitHub/Sentinel-FYP/outputs/mapillary_screen/images/308661992075743.jpg,downloaded,0.0015747837023809552,0.06694666544596355,0.33054224650065106,0.08697984078510976,0.32569077076345443
5451,-0.22371034594217729,5.556962012563906,ok,200,,300,220021926292300,https://scontent-mad1-1.xx.fbcdn.net/m1/v/t6/An8gQa4kis3drx1NEV6v-PEKj0zrAO7Ecd2jXiTGjDpPSjfN8bPDgX4DGv5Zalix_NhTTG_gyu3ZgWoJnKys4CWalO7ToYkIwZbE6kHtpdxA8sXGpaCqUeYcysmlc7oErLa6lgf0XlRtRY7ljBWtqg?stp=s1024x768&edm=AOnQwmMEAAAA&_nc_gid=YfOgq19-dr95V3D6AD3eGg&_nc_oc=AdqmP5eeJLxhw--XmMrtkx353UDqxs4VAMLZJQOb1620RVaEG7gtnSZJAV6NvGxELXQ&ccb=10-5&oh=00_Afw_4cPaVEaCgTBzIKTPT0iv8o5QHuooZFoQwNqrNvdfZQ&oe=69EE2409&_nc_sid=201bca,1566744446000.0,-0.22306683472222,5.5575053113889,93.39028912412641,/Users/miranda/Documents/GitHub/Sentinel-FYP/outputs/mapillary_screen/images/220021926292300.jpg,downloaded,0.001855976297520101,0.017485300699869793,0.25243886311848956,0.0566613509824189,0.1899876704849704
8271,-0.16570799701026173,5.555554480305503,ok,200,,300,953920162076432,https://scontent-mad1-1.xx.fbcdn.net/m1/v/t6/An8zLbKYIFNUH7hTu8b8ZtWXGu0pTutTiT_p4W6fQqNmyd3ucHXrJrLc-BIntlJ-AL_l17011NyzHXRjJ3WyRr1xQ6TS8xgGn4hRP1XLRCLCFxnPIFJTJJGnIP0ZrCTDbQMWgMAP1QU8WaGdk9QqCRA?stp=s1024x768&edm=AOnQwmMEAAAA&_nc_gid=9rOs5YzWcB9K-mxcPx2VQg&_nc_oc=Adq28dWJI-FimeKuEb1EfB4D3ReoVM6xXp0FCXisGNHsjCo0TFczPhejocJdg498MzI&ccb=10-5&oh=00_AfxR-jurPJcu-uaiJnqolKgzjuKq4jWZPzOTdIKHkO-CfQ&oe=69EDFE17&_nc_sid=201bca,1566137119000.0,-0.1678694875,5.5561699063889,248.81334188108303,/Users/miranda/Documents/GitHub/Sentinel-FYP/outputs/mapillary_screen/images/953920162076432.jpg,downloaded,0.0020619358401745558,0.08013661702473958,0.26734670003255206,0.07854129303401956,0.2879205157433863
3787,-0.23457474829050073,5.555940715540019,ok,200,,300,304107217820894,https://scontent-mad1-1.xx.fbcdn.net/m1/v/t6/An_VXsasx8_MjLqNXVq6VjO5isSKalnNAje_rlx3g6xaWdDySUcpxIilrEt4UAvmH6qEGyeX9cu7AG_V5rRIQqqVsV99kC6i0f41-FYuudqhVPMygkYlR9iIwYCY9wNdKQ6Zdq3QbwDA5ZbXE8tgdA?stp=s1024x768&edm=AOnQwmMEAAAA&_nc_gid=2eObBW-m07IVbUE42u5Lvg&_nc_oc=AdpqidwbTHtFDwBcnvC-PgWlao7O1BZWnswnS2RXHJt5afkfJp1No9OBGdrS_ObG_74&ccb=10-5&oh=00_AfxQA-OAiuFfMVdMcG5z0eNlqiZvOtsJjjlaXjJl0TiJfA&oe=69EE16FC&_nc_sid=201bca,1566744798000.0,-0.23194612,5.5560700780556,291.27236558093426,/Users/miranda/Documents/GitHub/Sentinel-FYP/outputs/mapillary_screen/images/304107217820894.jpg,downloaded,0.0013552644522860646,0.043909708658854164,0.0018208821614583333,0.014214721256090948,0.0
1480,-0.23795023377501526,5.537012979314877,ok,200,,300,950743425730162,https://scontent-mad1-1.xx.fbcdn.net/m1/v/t6/An-l0re5koUEm81_-gn0hPCza-wGTjfO_oKZhL_MwGOOq3oL9MWl-Q22OECrQADbYuluVyjU6gK1PWDhzMWytymKNDTk9X_Tro7qOdAFAYN7oQJUlMWoyI7nXkJTISLH0zZHnZRHqaWaZOcTKwEy2w?stp=s1024x576&edm=AOnQwmMEAAAA&_nc_gid=XYnDuhGygF0npFxncJPwBQ&_nc_oc=Adr0OhlOiYC8UmwPN_HYjemLPcX2U5eliGcf00WWF3Qfvn6VshJwERUpvmqCd0lIwq4&ccb=10-6&oh=00_AfzdX1w1ViIt5ZWwp1SwIGHZImQ3twcLrtT45s0EfzDfBA&oe=69EE1F07&_nc_sid=201bca,1583666719684.0,-0.23828292767677,5.5367754719192,45.3130651366463,/Users/miranda/Documents/GitHub/Sentinel-FYP/outputs/mapillary_screen/images/950743425730162.jpg,downloaded,0.0015113146509975195,0.05987209743923611,0.3152482774522569,0.08176694204772098,0.30235825899571234
12507,-0.1638696589560968,5.581179266293948,ok,200,,300,790381158533957,https://scontent-mad1-1.xx.fbcdn.net/m1/v/t6/An8AIYhtrpDgyeHmX_q8z0DOXeci1truAxIUtBmoltpLzdqa9Isn5ukqyNU6CUQJAyM-5Vo6nfKcACGqUyY7r4AOlpDB1xoQZgpLZov6-2FUZR67zDbG9-qkqgWxLccaPVCODJuYXEHlHMYcaeUu4w?stp=s1024x768&edm=AOnQwmMEAAAA&_nc_gid=bQ9TlNCpRuVgKBT9UCu_pA&_nc_oc=AdqN3ih4ZLs7h7R_K_T49NTbQ-rZ9j9WXJrwjz1NclFnS1koyQW6lvQs8zgGcT1L73g&ccb=10-5&oh=00_AfzQ8k180_4uVZlHjgyT7ZS9iiJZDahU5KzjeM9LVyZfaw&oe=69EE0867&_nc_sid=201bca,1566141382000.0,-0.16292810416667,5.5793828330556,225.29845862732924,/Users/miranda/Documents/GitHub/Sentinel-FYP/outputs/mapillary_screen/images/790381158533957.jpg,downloaded,0.00413533067330718,0.4330800374348958,0.07369232177734375,0.14673014092259107,0.5931282659683281
5944,-0.2303809281861009,5.5701059852027806,ok,200,,300,502395048994320,https://scontent-mad1-1.xx.fbcdn.net/m1/v/t6/An_Vy8UUj6VMouTnHiWipbK62awunpgyfwqlmLO4HAqKYFs0ENFQnh6i5iYepa9w7P5SqOalQRRp1yHQEvHSVbT6QmMbsVWtA-2I2n_pttzTsVW3eo0J2cX8_gRrM4oFk-FKAx7MjIXRmeoMdtszcGE?stp=s1024x768&edm=AOnQwmMEAAAA&_nc_gid=A_3MabUNaj758kJczd5XiA&_nc_oc=AdptoxyAVF_EiBosM2UMC186zSz8MPp7Oa52md9dE7fUcpv7DbIC8o28sczPkWcT_f4&ccb=10-5&oh=00_AfzOrNEaHf-l4o7D8VBPnmlzmcv37KBS4Y9oifkvOgEH9Q&oe=69EE1358&_nc_sid=201bca,1722076372615.0,-0.2316759,5.5714736,208.96125099060026,/Users/miranda/Documents/GitHub/Sentinel-FYP/outputs/mapillary_screen/images/502395048994320.jpg,downloaded,0.00040412446833215654,0.0472412109375,0.5829010009765625,0.13095462571072858,0.5225183399241184
8227,-0.17902463086835171,5.556225717066032,ok,200,,300,221080092827415,https://scontent-mad1-1.xx.fbcdn.net/m1/v/t6/An-hnIfmzATUE4-Iasq3P-mlPTm-onjQcP4kaoJvudXpXUMz4D6zri6F2wiae7l1pk2ld0r-6UOd9TBTEXELO3ONyLRExRqtcT-3wZhhziK1716zhLoBELCSSZMw9x0iyOmrbeMPw42HqJlcGUyhhg?stp=s1024x768&edm=AOnQwmMEAAAA&_nc_gid=7WTO6QXPIdGKGism7RVISg&_nc_oc=AdqKh5IPEVuaWImXCh6fXXROIvOMhdiWg9exfqswOMAttD9MpNQCMznQ5E11LcAy7wQ&ccb=10-5&oh=00_Afw2DyaYHt9YcBHCb6ZsjZij9fX-kn3dgQRTOw7Snqxknw&oe=69EDF6EC&_nc_sid=201bca,1538584144000.0,-0.17747246638889,5.5548909958333,227.01514744059702,/Users/miranda/Documents/GitHub/Sentinel-FYP/outputs/mapillary_screen/images/221080092827415.jpg,downloaded,0.00383354933001101,0.26925404866536456,0.2356592814127604,0.12982484554716694,0.5174615355837242
3957,-0.21924470094631043,5.55550635717671,ok,200,,300,126548219457172,https://scontent-mad1-1.xx.fbcdn.net/m1/v/t6/An9xBtoUbTYcUmCLNHQzxRCXztM2fBZB6kPbFwMwNB55SIPo2TELAewojdaduZOSBeBDTB4wY3Rz_y5vnEK84-W83CPMnY6o5K7_ydaXMtkUAQ5sc6WuUzeZXuClIYdLEIbE6Dx0N_BuzJjqMtDooA?stp=s1024x768&edm=AOnQwmMEAAAA&_nc_gid=wGRdHEAIFAwKCaL5O_9qzQ&_nc_oc=Adp-ZPJaKXgl-Ta-yUBZOXPgErhlzYCH-mNZ_tyeVQiCCg64pAavlblAGR5jd_l92Ck&ccb=10-6&oh=00_AfzgHqYu6urdw16purhDFsFalPw4UpPqR81B9R3fKKP6BQ&oe=69EDF55F&_nc_sid=201bca,1539175024000.0,-0.21889876555556,5.5554991866667,38.29388147089375,/Users/miranda/Documents/GitHub/Sentinel-FYP/outputs/mapillary_screen/images/126548219457172.jpg,downloaded,0.001496561337262392,0.04538853963216146,0.4238332112630208,0.0991314848108838,0.38008054342395486
11449,-0.18708027943492558,5.572898485019103,ok,200,,300,1086865993479197,https://scontent-mad1-1.xx.fbcdn.net/m1/v/t6/An8WlsDHpQsDV49WfBgndfWF3Jp3xTa9Dl-tA069v7SYE3mGxRKAXirKUXyI-YagFAoXSlvWt2SnG5Sg38vwVdpaGceZQ1-KDDaC9GTDKMHcqjOARzqOF1piwUzFFdJwSEr8jPUKjFvTSANZQRjullg?stp=s1024x768&edm=AOnQwmMEAAAA&_nc_gid=kJEFMh-23bfpLJHp5SRDbw&_nc_oc=Ado-u5cc8UMD7cH9dOHiAlosXowKb5v4L-pV0Az-7MVBfgC-LJ7NcCe1OVMFB9d4UD4&ccb=10-5&oh=00_AfypGF8b0nRByTouleT0jNuS2UkItKmyDitvuHXH7TTFQA&oe=69EDF5E0&_nc_sid=201bca,1742651613358.0,-0.1877837,5.5704261,285.72604491651856,/Users/miranda/Documents/GitHub/Sentinel-FYP/outputs/mapillary_screen/images/1086865993479197.jpg,downloaded,0.0022546967957168818,0.08694966634114583,0.5133056640625,0.1298733811127022,0.5176787768368264
7277,-0.2131798664639146,5.54510119587023,ok,200,,300,3751886024919734,https://scontent-mad1-1.xx.fbcdn.net/m1/v/t6/An_FUI9tg3Ob8uhAsphxZLH3vXD8uYh0yAMIK5qfoRFZA2SVBWspaswdd9928tgHCB6jGnOzr4zbMFOos_Uq8ma3rOAEy8dbpVM5VXBF6w2yAQkpYs_qbwwDk6EACuqwCVTaB8LOfTlpgOLS7StSQA?stp=s1024x768&edm=AOnQwmMEAAAA&_nc_gid=anJk2bTCj3JakdikmbIGtA&_nc_oc=AdqZe_mpy_J7qy8tTs8aU3TRfyKk08A0c7PIWoJ1KCXX3l-ouas0RNwjfo9lPaxpWFg&ccb=10-5&oh=00_AfwA1mqkT41yselH0i7_yBJBpFiQCLeuHQ2_Xlv0ehiHYA&oe=69EE01B3&_nc_sid=201bca,1522168044899.0,-0.2138273790481,5.5449198000185,74.44766418537168,/Users/miranda/Documents/GitHub/Sentinel-FYP/outputs/mapillary_screen/images/3751886024919734.jpg,downloaded,0.0006028831121511757,0.14270782470703125,0.16946283976236978,0.07700635692065892,0.28105026624652785
6813,-0.21752839557785966,5.574627336897702,ok,200,,300,1328171144999437,https://scontent-mad1-1.xx.fbcdn.net/m1/v/t6/An_UwJ3B5KcIzRFc8E6wwhy6THNBC9A4igVRo8UWdeQvdjmDlJ0nC1-yZQ1SWJfFcIcqsxRG-cXkbCsyHmHGKMWh3ubwhHJEOApwTYIpQW0B0kr3rnfEZRqwLSzirJPcZvY4xD0vYDHRrO7DEfEm2mI?stp=s1024x768&edm=AOnQwmMEAAAA&_nc_gid=fjJhP0ils0N_1zbf0JYEBw&_nc_oc=AdrzqfObgQB6YFIfU6IAafleo-XezDXNshOh955uftrLhxZqmYOOAb4JC8x4pKCPSss&ccb=10-5&oh=00_AfyV26wvMzI6zq3yVexdnmQZ_JRQwkNYqNudKnrq421FHg&oe=69EE0CC7&_nc_sid=201bca,1736505647028.0,-0.2197713,5.5727319,325.62927676740645,/Users/miranda/Documents/GitHub/Sentinel-FYP/outputs/mapillary_screen/images/1328171144999437.jpg,downloaded,0.0014762385981157422,0.08108266194661458,0.18672561645507812,0.06240804117405788,0.21570938948946222
1829,-0.21446012278370524,5.542297729237139,ok,200,,300,498930698207333,https://scontent-mad1-1.xx.fbcdn.net/m1/v/t6/An8GqlfprEL_gAzsFu06UMZ8CpkGUVeBeBMv_bMwvtshis3urF5aS1FgSPx7A8CgFUGkzvo40V70ehY6RFnsyCf9S5yjgRQOGDkbOjcabi22edzZyrMhy7MILbV5Kcgfl1cmSeI3KlWJprzxE9Xshw?stp=s1024x768&edm=AOnQwmMEAAAA&_nc_gid=P4xpwGi4sdJYKTECwdVg3g&_nc_oc=AdpTNoU8HE1M1eQ4gEn2U9QXoibfTecbKkZnRNjd1VHN-NitXYUTUJOqHm_u65bQvF0&ccb=10-5&oh=00_AfxlgFF5PA4cxCe_M5FO5V8ChaddfWNiiRmkCuKo5S3n5g&oe=69EDFBEF&_nc_sid=201bca,1522168091419.0,-0.21323787979804,5.5430573411338,159.47661677476074,/Users/miranda/Documents/GitHub/Sentinel-FYP/outputs/mapillary_screen/images/498930698207333.jpg,downloaded,0.0006034085527062416,0.033069610595703125,0.4805615743001302,0.1063349023150901,0.4123224556789095
7087,-0.20775987128341136,5.541592322947064,ok,200,,300,302381468106916,https://scontent-mad1-1.xx.fbcdn.net/m1/v/t6/An9mX629pSqc0Y44hVBK3-hnkNoOXHnV0_tds-R1XDsEiy0QX8S_Xm5FFU6DkVyds2FcwxET9z4bzgUB3d4zJ3PowaBBVyBySzQYT9wwNrA8te8T2Ofwb_IKk35x089XM_ob0YR-maoyuxR2ylrgHco?stp=s1024x768&edm=AOnQwmMEAAAA&_nc_gid=i4kfc-iIyhx7nY2pwHCoNw&_nc_oc=AdrY8cRtvaWJ2fobbYNbZc-k6jWzYTnJpjMQ8RaqWWLtYpeZQiw2uUJ7K5sTYmTvkvg&ccb=10-5&oh=00_AfxFSP_66cncWQaf1NKgSA2cg4qMzqrmrxwsVHkamM8yXA&oe=69EE157B&_nc_sid=201bca,1566138471000.0,-0.20655968222222,5.5419762430556,139.52259098864693,/Users/miranda/Documents/GitHub/Sentinel-FYP/outputs/mapillary_screen/images/302381468106916.jpg,downloaded,0.002144439844414592,0.19280115763346353,0.04683558146158854,0.06827968350456406,0.24199038412875837
8369,-0.1825887623144975,5.556730759993659,ok,200,,300,483732119734176,https://scontent-mad1-1.xx.fbcdn.net/m1/v/t6/An-eBwH8qwmo_39udZcNwZ5k6upxPIfdf75UeM78LDOXTJQGL5Zf9OSXLyC07c_KWuZFbMQKABLFfalNHJr_o6vzK0Z5MCDZ02CcRsSQWWLrJ_WQrtsVjMo65YGERfjhRY6X0i_Ii9eU_joXwaboIQ?stp=s1024x768&edm=AOnQwmMEAAAA&_nc_gid=QK8Uolg7Yl1fLrNlr2ofmw&_nc_oc=Adr7Nw7RvvsaQy2zt_VNFbrox8yOndPXR6ShGwE5_VDXauD_d01Q7BbY4r7bF0mNnFI&ccb=10-5&oh=00_Afzt3kjB18aUDu7Abz2cOOg2tOQaKKLsQpv9dn2OhcPLDg&oe=69EE0B57&_nc_sid=201bca,1522169148536.0,-0.18509312532865,5.5550463544257,334.5150628891549,/Users/miranda/Documents/GitHub/Sentinel-FYP/outputs/mapillary_screen/images/483732119734176.jpg,downloaded,0.0021031175274401903,0.0599212646484375,0.2582664489746094,0.07068122795317322,0.25273950221655705
3294,-0.2187467397618722,5.547330506396013,ok,200,,300,914127922699959,https://scontent-mad1-1.xx.fbcdn.net/m1/v/t6/An_7hCGJTCh9GdeJQFwtjFD2Z8t2Ccm1h1WzKoG7Xi-snM_4TvSnDGfALhuhXSFF3Eu7VHAD76uE8uYBClvBMOvaWxHLATHJmuOqpbUZfm0TikNKvnV_IVZ1pLLYEQdGcVuzqL1MnmXX8D2pGkO9klE?stp=s1024x768&edm=AOnQwmMEAAAA&_nc_gid=olVwBmkzJIUQ8m5IelbmKg&_nc_oc=AdrXhJa4sPJ9OImJ7OYHV6LlBJdzVKPykX4gj02XvH_JY8HiMqPfP4du08eZ1pgREqM&ccb=10-5&oh=00_AfyvWlA7ZbqvIgNAd0l-5e-lJuJ9XYNOGkYnM2vSU4U1Qg&oe=69EE19E0&_nc_sid=201bca,1546263224599.0,-0.2181325,5.5480665,106.39041660808124,/Users/miranda/Documents/GitHub/Sentinel-FYP/outputs/mapillary_screen/images/914127922699959.jpg,downloaded,0.0008964496664702892,0.11404037475585938,0.3249219258626302,0.099644722432519,0.38237775337368235
